timestamp,open,high,low,close,volume,bid,ask,body_size,body_percent,sma_5,ema_5,sma_10,ema_10,sma_20,ema_20,sma_50,ema_50,sma_100,ema_100,macd,macd_signal,macd_hist,rsi_14,slowk,slowd,atr,bb_upper,bb_middle,bb_lower,pattern_doji,pattern_hammer,pattern_hanging_man,pattern_engulfing,pattern_evening_star,pattern_morning_star,pattern_shooting_star,pattern_inverted_hammer,pattern_harami,pattern_three_outside,pattern_three_inside,pattern_dark_cloud_cover,pattern_piercing,pattern_spinning_top,pattern_marubozu,bullish_pattern,bearish_pattern,pattern_signal,adx,plus_di,minus_di,sar,cci,mfi,roc,willr,trix
2025-05-08 07:28:06.863775,1.128625,1.128625,1.128625,1.128625,1,1.12855,1.1287,0.0,0.0,,,,,,,,,,,,,,,,,,,,,0.0,0.0,0.0,0.0,0.0,0.0,0.0,0.0,0.0,0.0,0.0,0.0,0.0,0.0,0.0,0.0,0.0,0.0,,,,,,,,,
2025-05-08 07:28:06.886902,1.128625,1.128625,1.128625,1.128625,1,1.12855,1.1287,0.0,0.0,,,,,,,,,,,,,,,,,,,,,0.0,0.0,0.0,0.0,0.0,0.0,0.0,0.0,0.0,0.0,0.0,0.0,0.0,0.0,0.0,0.0,0.0,0.0,,,,1.128625,,,,,
2025-05-08 07:28:07.071704,1.128625,1.128625,1.128625,1.128625,1,1.12855,1.1287,0.0,0.0,,,,,,,,,,,,,,,,,,,,,0.0,0.0,0.0,0.0,0.0,0.0,0.0,0.0,0.0,0.0,0.0,0.0,0.0,0.0,0.0,0.0,0.0,0.0,,,,1.128625,,,,,
2025-05-08 07:28:09.491808,1.128645,1.128645,1.128645,1.128645,1,1.12864,1.12865,0.0,0.0,,,,,,,,,,,,,,,,,,,,,0.0,0.0,0.0,0.0,0.0,0.0,0.0,0.0,0.0,0.0,0.0,0.0,0.0,0.0,0.0,0.0,0.0,0.0,,,,1.128625,,,,,
2025-05-08 07:28:12.219348,1.128675,1.128675,1.128675,1.128675,1,1.12867,1.12868,0.0,0.0,1.1286390000000002,1.1286390000000002,,,,,,,,,,,,,,,,,,,0.0,0.0,0.0,0.0,0.0,0.0,0.0,0.0,0.0,0.0,0.0,0.0,0.0,0.0,0.0,0.0,0.0,0.0,,,,1.128625,,,,,
2025-05-08 07:28:12.424647,1.128755,1.128755,1.128755,1.128755,1,1.12868,1.12883,0.0,0.0,1.1286650000000003,1.1286776666666667,,,,,,,,,,,,,,,,,,,0.0,0.0,0.0,0.0,0.0,0.0,0.0,0.0,0.0,0.0,0.0,0.0,0.0,0.0,0.0,0.0,0.0,0.0,,,,1.128628,,,,,
2025-05-08 07:28:12.546953,1.128755,1.128755,1.128755,1.128755,1,1.12868,1.12883,0.0,0.0,1.1286910000000003,1.1287034444444444,,,,,,,,,,,,,,,,,,,0.0,0.0,0.0,0.0,0.0,0.0,0.0,0.0,0.0,0.0,0.0,0.0,0.0,0.0,0.0,0.0,0.0,0.0,,,,1.12863816,,,,,
2025-05-08 07:28:12.550772,1.128755,1.128755,1.128755,1.128755,1,1.12868,1.12883,0.0,0.0,1.1287170000000004,1.1287206296296295,,,,,,,,,,,,,,,,,,,0.0,0.0,0.0,0.0,0.0,0.0,0.0,0.0,0.0,0.0,0.0,0.0,0.0,0.0,0.0,0.0,0.0,0.0,,,,1.1286475072,,,,,
2025-05-08 07:28:12.849390,1.128755,1.128755,1.128755,1.128755,1,1.12868,1.12883,0.0,0.0,1.1287390000000004,1.128732086419753,,,,,,,,,,,,,100.0,100.0,,,,,0.0,0.0,0.0,0.0,0.0,0.0,0.0,0.0,0.0,0.0,0.0,0.0,0.0,0.0,0.0,0.0,0.0,0.0,,,,1.128656106624,,,,,
2025-05-08 07:28:15.207669,1.128655,1.128655,1.128655,1.128655,1,1.12865,1.12866,0.0,0.0,1.1287350000000003,1.128706390946502,1.128687,1.128687,,,,,,,,,,,66.66666666666667,88.8888888888889,,,,,0.0,0.0,0.0,0.0,0.0,0.0,0.0,0.0,0.0,0.0,0.0,0.0,0.0,0.0,0.0,0.0,0.0,0.0,,,,1.128755,,,,,
2025-05-08 07:28:18.112007,1.128725,1.128725,1.128725,1.128725,1,1.12872,1.12873,0.0,0.0,1.1287290000000003,1.1287125939643348,1.128697,1.1286939090909092,,,,,,,,,,,56.666666666674075,74.44444444444692,,,,,100.0,0.0,0.0,0.0,0.0,0.0,0.0,0.0,0.0,0.0,0.0,0.0,0.0,0.0,0.0,0.0,0.0,0.0,,,,1.128755,,,0.00886033890796778,,
2025-05-08 07:28:18.171658,1.128725,1.128725,1.128725,1.128725,1,1.12872,1.12873,0.0,0.0,1.1287230000000004,1.1287167293095566,1.128707,1.1286995619834712,,,,,,,,,,,46.666666666681486,56.66666666667408,,,,,100.0,0.0,0.0,0.0,0.0,0.0,0.0,0.0,0.0,0.0,0.0,0.0,0.0,0.0,0.0,0.0,0.0,0.0,,,,1.128753,,,0.00886033890796778,,
2025-05-08 07:28:18.209147,1.128725,1.128725,1.128725,1.128725,1,1.12872,1.12873,0.0,0.0,1.1287170000000004,1.128719486206371,1.128717,1.1287041870773855,,,,,,,,,,,70.00000000002223,57.77777777779261,,,,,100.0,0.0,0.0,0.0,0.0,0.0,0.0,0.0,0.0,0.0,0.0,0.0,0.0,0.0,0.0,0.0,0.0,0.0,,,,1.1287510399999998,,,0.00886033890796778,,
2025-05-08 07:28:18.424193,1.128725,1.128725,1.128725,1.128725,1,1.12872,1.12873,0.0,0.0,1.1287110000000005,1.1287213241375806,1.1287249999999998,1.1287079712451336,,,,,,,,,,,80.00000000001482,65.55555555557287,,,,,100.0,0.0,0.0,0.0,0.0,0.0,0.0,0.0,0.0,0.0,0.0,0.0,0.0,0.0,0.0,0.0,0.0,0.0,,,,1.1287491191999999,37.57062146912126,,0.007088145519640321,-23.07692307690994,
2025-05-08 07:28:18.760718,1.12895,1.12895,1.12895,1.12895,1,1.1288,1.1291,0.0,0.0,1.1287700000000005,1.1287975494250537,1.1287524999999998,1.1287519764732912,,,,,,,,,,80.95238095237893,90.0000000000074,80.00000000001484,3.7499999999991906e-05,,,,100.0,0.0,0.0,0.0,0.0,0.0,0.0,0.0,0.0,0.0,0.0,0.0,0.0,0.0,0.0,0.0,0.0,0.0,,81.56028368794122,18.439716312058767,1.128655,280.8763693270482,83.3345022927601,0.024364852592628772,-0.0,
2025-05-08 07:28:20.946273,1.128695,1.128695,1.128695,1.128695,1,1.12869,1.1287,0.0,0.0,1.1287640000000003,1.1287633662833692,1.1287464999999999,1.128741617114511,,,,,,,,,,53.15055315055546,66.66666666666667,78.88888888889632,5.303571428569921e-05,,,,100.0,0.0,0.0,0.0,0.0,0.0,0.0,0.0,0.0,0.0,0.0,0.0,0.0,0.0,0.0,0.0,0.0,0.0,,52.77836616536275,47.221633834637245,1.1286608999999999,-42.691903259696765,71.42992747845237,-0.005315591071575199,-78.46153846152795,
2025-05-08 07:28:23.790774,1.128725,1.128725,1.128725,1.128725,1,1.12867,1.12878,0.0,0.0,1.1287640000000003,1.1287505775222462,1.1287435,1.1287385958209635,,,,,,,,,,55.10406694323415,37.254901960782604,64.64052287581892,5.139030612243316e-05,,,,100.0,0.0,0.0,0.0,0.0,0.0,0.0,0.0,0.0,0.0,0.0,0.0,0.0,0.0,0.0,0.0,0.0,0.0,,54.79929919782176,45.20070080217822,1.1286666819999998,-12.612612612626435,75.00117665624751,-0.0026577955357875993,-73.77049180325244,
2025-05-08 07:28:23.902418,1.128725,1.128725,1.128725,1.128725,1,1.12867,1.12878,0.0,0.0,1.1287640000000003,1.1287420516814974,1.1287404999999997,1.1287361238535156,,,,,,,,,,55.104066943234145,7.843137254898544,37.254901960782625,4.7719569970830795e-05,,,,100.0,0.0,0.0,0.0,0.0,0.0,0.0,0.0,0.0,0.0,0.0,0.0,0.0,0.0,0.0,0.0,0.0,0.0,,54.79929919782176,45.20070080217822,1.1286723483599999,-23.60570687402756,71.43021675243445,-0.0026577955357875993,-76.27118644066776,
2025-05-08 07:28:23.911465,1.128725,1.128725,1.128725,1.128725,1,1.12867,1.12878,0.0,0.0,1.1287640000000003,1.128736367787665,1.1287374999999997,1.1287341013346945,,,,,,,,,,55.104066943234145,11.764705882347817,18.954248366009672,4.43110292586286e-05,,,,100.0,0.0,0.0,0.0,0.0,0.0,0.0,0.0,0.0,0.0,0.0,0.0,0.0,0.0,0.0,0.0,0.0,0.0,,54.799299197821774,45.20070080217822,1.1286779013927999,-31.715210355656925,66.66890611376441,-0.0026577955357875993,-76.27118644066776,
2025-05-08 07:28:24.106964,1.128765,1.128765,1.128765,1.128765,1,1.12874,1.12879,0.0,0.0,1.1287270000000003,1.1287459118584433,1.1287484999999997,1.128739719273841,1.1287177499999999,1.1287177499999999,,,,,,,,58.019181981426016,41.17647058823187,20.261437908492763,4.400309859730084e-05,1.1288587987530454,1.1287177499999999,1.1285767012469543,100.0,0.0,0.0,0.0,0.0,0.0,0.0,0.0,0.0,0.0,0.0,0.0,0.0,0.0,0.0,0.0,0.0,0.0,,57.80641483309606,42.1935851669039,1.128683343364944,38.520523229979226,66.6689553290026,0.009746113737141293,-62.71186440675287,
2025-05-08 07:28:24.468937,1.128735,1.128735,1.128735,1.128735,1,1.12873,1.12874,0.0,0.0,1.1287350000000003,1.1287422745722955,1.1287494999999999,1.1287388612240519,1.1287232499999997,1.1287193928571426,,,,,,,,55.12805407493645,45.588235294162196,32.84313725491398,4.300287726892038e-05,1.1288578336252555,1.1287232499999997,1.128588666374744,100.0,0.0,0.0,0.0,0.0,0.0,0.0,0.0,0.0,0.0,0.0,0.0,0.0,0.0,0.0,0.0,0.0,0.0,,54.85862945328711,45.14137054671285,1.128688676497645,-12.280701754163887,57.14494542002848,0.0008859553921602981,-72.88135593217022,
2025-05-08 07:28:26.659033,1.128745,1.128745,1.128745,1.128745,1,1.12874,1.12875,0.0,0.0,1.1287390000000002,1.128743183048197,1.1287515,1.1287399773651334,1.1287292499999997,1.1287218316326528,,,,,,,,55.916612886199445,58.333333333472105,48.366013071955415,4.064552889257361e-05,1.1288562647743818,1.1287292499999997,1.1286022352256175,100.0,0.0,0.0,0.0,0.0,0.0,0.0,0.0,0.0,0.0,0.0,0.0,0.0,0.0,0.0,0.0,0.0,0.0,,55.67011329285155,44.32988670714841,1.1286939029676921,7.312440646276478,62.50180647940559,0.0017719107842983917,-69.49152542367268,
2025-05-08 07:28:29.465475,1.128695,1.128695,1.128695,1.128695,1,1.12863,1.12876,0.0,0.0,1.128733,1.1287271220321313,1.1287485,1.1287317996623818,1.1287327499999997,1.1287192762390668,,,,,,,,51.08281289307477,25.000000000138773,42.97385620925772,4.131370540025446e-05,1.128851681711651,1.1287327499999997,1.1286138182883485,100.0,0.0,0.0,0.0,0.0,0.0,0.0,0.0,0.0,0.0,0.0,0.0,0.0,0.0,0.0,0.0,0.0,0.0,,50.757010429492965,49.24298957050699,1.12895,-78.11158798272662,55.557458688078874,-0.0026578661764364853,-86.44067796608512,
2025-05-08 07:28:29.602445,1.128745,1.128745,1.128745,1.128745,1,1.12874,1.12875,0.0,0.0,1.128737,1.1287330813547543,1.1287505000000002,1.128734199723767,1.1287377499999998,1.1287217261210605,,,,,,,,55.24896908740911,40.476190476328306,41.26984126997976,4.1934155014529535e-05,1.1288497087062406,1.1287377499999998,1.128625791293759,100.0,0.0,0.0,0.0,0.0,0.0,0.0,0.0,0.0,0.0,0.0,0.0,0.0,0.0,0.0,0.0,0.0,0.0,,55.030983886886474,44.96901611311348,1.1289448999999998,3.5897435903152823,66.66799556639675,0.0017719107842983917,-80.39215686269557,
2025-05-08 07:28:29.682980,1.128745,1.128745,1.128745,1.128745,1,1.12874,1.12875,0.0,0.0,1.128733,1.128737054236503,1.1287300000000002,1.1287361634103548,1.1287412499999996,1.1287239426809594,,,,,,,,55.248969087409115,57.14285714290245,40.8730158731232,3.8938858227777425e-05,1.128849456987713,1.1287412499999996,1.1286330430122862,100.0,0.0,0.0,0.0,0.0,0.0,0.0,0.0,0.0,0.0,0.0,0.0,0.0,0.0,0.0,0.0,0.0,0.0,,55.03098388688649,44.96901611311348,1.1289399019999997,0.7349081367811907,62.501612670133234,-0.018158465831064063,-80.39215686269557,
2025-05-08 07:28:29.747171,1.128745,1.128745,1.128745,1.128745,1,1.12874,1.12875,0.0,0.0,1.1287350000000003,1.1287397028243353,1.1287350000000003,1.1287377700630175,1.1287407499999995,1.1287259481399157,,,,,,,,55.248969087409115,90.47619047623579,62.69841269848888,3.6157511211507614e-05,1.12884879051343,1.1287407499999995,1.1286327094865691,100.0,0.0,0.0,0.0,0.0,0.0,0.0,0.0,0.0,0.0,0.0,0.0,0.0,0.0,0.0,0.0,0.0,0.0,,55.03098388688649,44.96901611311348,1.1289350039599997,-2.2435897435685073,62.501612670133234,0.004429894701418746,-80.39215686269557,
2025-05-08 07:28:30.145054,1.128745,1.128745,1.128745,1.128745,1,1.12874,1.12875,0.0,0.0,1.1287350000000003,1.128741468549557,1.1287370000000003,1.1287390845970142,1.1287402499999994,1.128727762602781,,,,,,,,55.24896908740911,100.0,82.53968253971279,3.357483183925707e-05,1.1288481145109233,1.1287402499999994,1.1286323854890756,100.0,0.0,0.0,0.0,0.0,0.0,0.0,0.0,0.0,0.0,0.0,0.0,0.0,0.0,0.0,0.0,0.0,0.0,,55.030983886886474,44.96901611311348,1.1289302038807998,-5.3030303028349435,62.501612670133234,0.0017719107842983917,-80.39215686269557,
2025-05-08 07:28:32.384338,1.128845,1.128845,1.128845,1.128845,1,1.12884,1.12885,0.0,0.0,1.1287650000000002,1.128775979033038,1.1287490000000004,1.1287583419430116,1.1287447499999992,1.1287389280691829,,,,,,,,63.59068366310166,100.0,96.82539682541197,3.831948670788078e-05,1.1288618173120577,1.1287447499999992,1.1286276826879407,100.0,0.0,0.0,0.0,0.0,0.0,0.0,0.0,0.0,0.0,0.0,0.0,0.0,0.0,0.0,0.0,0.0,0.0,14.499389224082806,63.543073565536524,36.45692643446345,1.1289254998031837,142.22766217839703,66.6683892941165,0.010631464705768146,-41.17647058817383,
2025-05-08 07:28:35.232367,1.128755,1.128755,1.128755,1.128755,1,1.12869,1.12882,0.0,0.0,1.1287670000000003,1.1287689860220254,1.1287520000000004,1.1287577343170094,1.1287447499999992,1.1287404587292607,,,,,,,,53.859953146096515,69.99999999994819,89.99999999998276,4.201095194304255e-05,1.1288618173120577,1.1287447499999992,1.1286276826879407,100.0,0.0,0.0,0.0,0.0,0.0,0.0,0.0,0.0,0.0,0.0,0.0,0.0,0.0,0.0,0.0,0.0,0.0,13.991212802652347,53.69245966202819,46.30754033797179,1.12892088980712,39.2523364482085,55.55653993299343,0.0026578661764364853,-60.00000000005921,
2025-05-08 07:28:35.311943,1.128805,1.128805,1.128805,1.128805,1,1.1288,1.12881,0.0,0.0,1.1287790000000002,1.1287809906813502,1.1287560000000005,1.1287663280775533,1.1287522499999993,1.1287466055169502,,,,,,,,57.72983798978875,56.666666666600044,75.55555555551611,4.258159823283276e-05,1.1288644763502225,1.1287522499999993,1.1286400236497762,100.0,0.0,0.0,0.0,0.0,0.0,0.0,0.0,0.0,0.0,0.0,0.0,0.0,0.0,0.0,0.0,0.0,0.0,14.080822958852023,57.6228774947239,42.37712250527608,1.1289163720109776,150.98039215643252,66.6675197845418,0.0035436959863188733,-26.666666666676534,
2025-05-08 07:28:35.449677,1.128805,1.128805,1.128805,1.128805,1,1.1288,1.12881,0.0,0.0,1.128791,1.1287889937875668,1.1287630000000004,1.12877335933618,1.1287562499999992,1.1287521668962883,,,,,,,,57.72983798978875,43.333333333251915,56.66666666660007,3.954005550191614e-05,1.128869998648151,1.1287562499999992,1.1286425013518475,100.0,0.0,0.0,0.0,0.0,0.0,0.0,0.0,0.0,0.0,0.0,0.0,0.0,0.0,0.0,0.0,0.0,0.0,14.164032389608865,57.6228774947239,42.37712250527608,1.128911944570758,116.66666666679806,62.501093566066345,0.006201632801317025,-26.666666666676534,
2025-05-08 07:28:35.582765,1.128815,1.128815,1.128815,1.128815,1,1.12881,1.12882,0.0,0.0,1.1288049999999998,1.1287976625250444,1.1287700000000003,1.1287809303659655,1.1287607499999992,1.1287581510014038,,,,,,,,58.53648857197481,62.222222222137795,54.074074073996606,3.743005153748238e-05,1.1288763041191714,1.1287607499999992,1.128645195880827,100.0,0.0,0.0,0.0,0.0,0.0,0.0,0.0,0.0,0.0,0.0,0.0,0.0,0.0,0.0,0.0,0.0,0.0,14.35818167440185,58.44106118835533,41.55893881164466,1.1289076056793428,109.9787685774844,66.66781508440133,0.006201577858577778,-20.000000000118423,
2025-05-08 07:28:35.792072,1.128765,1.128765,1.128765,1.128765,1,1.1287,1.12883,0.0,0.0,1.1287889999999998,1.1287867750166962,1.1287770000000001,1.12877803393579,1.1287627499999995,1.1287588032869844,,,,,,,,53.08200605430078,47.77777777774927,51.11111111104635,3.8327904999082456e-05,1.1288771386044878,1.1287627499999995,1.1286483613955112,100.0,0.0,0.0,0.0,0.0,0.0,0.0,0.0,0.0,0.0,0.0,0.0,0.0,0.0,0.0,0.0,0.0,0.0,13.752250503233785,52.93757263902447,47.0624273609755,1.128903353565756,0.0,60.0010453884637,0.006201852581955158,-53.33333333335307,
2025-05-08 07:28:38.112746,1.128805,1.128805,1.128805,1.128805,1,1.1288,1.12881,0.0,0.0,1.1287989999999997,1.1287928500111308,1.128783,1.1287829368565554,1.1287667499999994,1.1287632029739383,,,,,2.77302407385438e-05,2.8778778755918683e-05,-1.0485380173748844e-06,56.56862983715022,54.44444444451957,54.81481481480224,3.844734035629371e-05,1.1288811735707704,1.1287667499999994,1.1286523264292283,100.0,0.0,0.0,0.0,0.0,0.0,0.0,0.0,0.0,0.0,0.0,0.0,0.0,0.0,0.0,0.0,0.0,0.0,13.694135968338966,56.46932350735313,43.530676492646826,1.1288991864944409,73.53535353535088,60.00118713184516,0.005315638164504755,-26.666666666676534,
2025-05-08 07:28:40.945788,1.128815,1.128815,1.128815,1.128815,1,1.12881,1.12882,0.0,0.0,1.1288009999999997,1.1288002333407539,1.12879,1.128788766519,1.1287599999999993,1.1287681360240394,,,,,2.8277735886428346e-05,2.8678570182020616e-05,-4.0083429559227004e-07,57.420533645151885,65.5555555556855,55.925925925984814,3.641538747369012e-05,1.1288416088536364,1.1287599999999993,1.1286783911463623,100.0,0.0,0.0,0.0,0.0,0.0,0.0,0.0,0.0,0.0,0.0,0.0,0.0,0.0,0.0,0.0,0.0,0.0,13.763327095768835,57.331405876178565,42.668594123821414,1.128895102764552,77.77777777777777,70.00108081387056,0.006201577858577778,-20.000000000118423,
2025-05-08 07:28:40.979812,1.128815,1.128815,1.128815,1.128815,1,1.12881,1.12882,0.0,0.0,1.1288029999999996,1.1288051555605025,1.128797,1.128793536242818,1.1287659999999993,1.1287725992598452,,,,,2.838443167596516e-05,2.8619742480809526e-05,-2.3531080484436555e-07,57.420533645151885,93.33333333342216,71.11111111120911,3.381428836842654e-05,1.1288452212383442,1.1287659999999993,1.1286867787616544,100.0,0.0,0.0,0.0,0.0,0.0,0.0,0.0,0.0,0.0,0.0,0.0,0.0,0.0,0.0,0.0,0.0,0.0,13.827575999810858,57.33140587617855,42.66859412382141,1.128891100709261,66.66666666657959,66.66797912599067,0.006201577858577778,-20.000000000118423,
2025-05-08 07:28:41.141062,1.128815,1.128815,1.128815,1.128815,1,1.12881,1.12882,0.0,0.0,1.1288029999999996,1.128808437040335,1.128804,1.128797438744124,1.1287704999999995,1.128776637425574,,,,,2.814455593647125e-05,2.852470517194187e-05,-3.8014923547061993e-07,57.420533645151885,100.00000000000001,86.29629629636925,3.1398982056396077e-05,1.1288501178566661,1.1287704999999995,1.1286908821433328,100.0,0.0,0.0,0.0,0.0,0.0,0.0,0.0,0.0,0.0,0.0,0.0,0.0,0.0,0.0,0.0,0.0,0.0,13.887235696421309,57.33140587617855,42.66859412382141,1.1288871786950758,58.3333333333624,75.00074747933358,0.006201577858577778,-30.00000000019984,
2025-05-08 07:28:41.330819,1.128815,1.128815,1.128815,1.128815,1,1.12881,1.12882,0.0,0.0,1.1288129999999996,1.1288106246935568,1.1288009999999997,1.1288006316997379,1.1287749999999994,1.128780291004091,,,,,2.7635883423249297e-05,2.8346940822203356e-05,-7.110573989540595e-07,57.420533645151885,100.00000000000001,97.77777777780743,2.9156197623796356e-05,1.1288539936907653,1.1287749999999994,1.1286960063092335,100.0,0.0,0.0,0.0,0.0,0.0,0.0,0.0,0.0,0.0,0.0,0.0,0.0,0.0,0.0,0.0,0.0,0.0,13.942633986131012,57.33140587617855,42.66859412382141,1.1288833351211742,51.851851852187664,71.42960196061433,-0.002657583636389571,-30.00000000019984,
2025-05-08 07:28:41.466976,1.128825,1.128825,1.128825,1.128825,1,1.12882,1.12883,0.0,0.0,1.1288169999999995,1.1288154164623712,1.1288079999999998,1.1288050622997856,1.1287799999999995,1.1287845490037014,,,,,2.7720132782738105e-05,2.8221579214310307e-05,-5.014464315722016e-07,58.51503545904792,100.00000000000001,100.00000000000004,2.7787897793529868e-05,1.1288583581723401,1.1287799999999995,1.1287016418276588,100.0,0.0,0.0,0.0,0.0,0.0,0.0,0.0,0.0,0.0,0.0,0.0,0.0,0.0,0.0,0.0,0.0,0.0,14.15223111438345,58.438496890832546,41.561503109167404,1.1288795684187507,69.81627296613335,75.00096894610776,0.006201522916837732,-20.000000000133227,
2025-05-08 07:28:43.831457,1.128735,1.128735,1.128735,1.128735,1,1.12866,1.12881,0.0,0.0,1.1288009999999995,1.1287886109749141,1.1288009999999997,1.1287923236998245,1.1287784999999992,1.128779830050968,,,,,2.029075398701785e-05,2.6635414168851814e-05,-6.344660181833963e-06,46.844257126065166,66.66666666666669,88.88888888888893,3.223161937970084e-05,1.12885906676845,1.1287784999999992,1.1286979332315485,100.0,0.0,0.0,0.0,0.0,0.0,0.0,0.0,0.0,0.0,0.0,0.0,0.0,0.0,0.0,0.0,0.0,0.0,13.613423550013012,46.695537393401324,53.304462606598634,1.1288758770503757,-153.78787878670798,66.66797911048792,-0.006201248222681421,-100.0,
2025-05-08 07:28:46.644103,1.128745,1.128745,1.128745,1.128745,1,1.12869,1.1288,0.0,0.0,1.1287869999999995,1.1287740739832761,1.1287949999999998,1.1287837193907655,1.1287789999999993,1.1287765129032568,,,,,1.5036502748477787e-05,2.431563188477701e-05,-9.279129136299222e-06,48.0832868115333,37.03703703706447,67.90123456791042,3.0643646566869744e-05,1.1288585990183455,1.1287789999999993,1.1286994009816531,100.0,0.0,0.0,0.0,0.0,0.0,0.0,0.0,0.0,0.0,0.0,0.0,0.0,0.0,0.0,0.0,0.0,0.0,12.934302335205771,47.94713672864416,52.0528632713558,1.1288722595093683,-129.0404040391437,70.00104536623697,-0.00531535561942853,-90.90909090903587,
2025-05-08 07:28:46.665882,1.128745,1.128745,1.128745,1.128745,1,1.12869,1.1288,0.0,0.0,1.1287729999999996,1.1287643826555174,1.128788,1.1287766795015355,1.1287789999999993,1.1287735116743751,,,,,1.074856798610746e-05,2.16022191050431e-05,-1.085365111893564e-05,48.0832868115333,7.4074074074622525,37.0370370370645,2.845481466923619e-05,1.1288585990183455,1.1287789999999993,1.1286994009816531,100.0,0.0,0.0,0.0,0.0,0.0,0.0,0.0,0.0,0.0,0.0,0.0,0.0,0.0,0.0,0.0,0.0,0.0,12.303689778599047,47.94713672864416,52.05286327135579,1.128868714319181,-102.4390243892823,66.66765100922181,-0.006201193286747841,-88.88888888880665,
2025-05-08 07:28:46.826714,1.128795,1.128795,1.128795,1.128795,1,1.12879,1.1288,0.0,0.0,1.1287689999999997,1.1287745884370115,1.128791,1.1287800105012562,1.1287839999999991,1.1287755581815775,,,,,1.1255188123948656e-05,1.953281290882421e-05,-8.277624784875555e-06,54.26513445532572,29.629629629684477,24.6913580247371,2.999375647856814e-05,1.1288538283995029,1.1287839999999991,1.1287141716004954,100.0,0.0,0.0,0.0,0.0,0.0,0.0,0.0,0.0,0.0,0.0,0.0,0.0,0.0,0.0,0.0,0.0,0.0,12.022735352790292,54.18516390863822,45.81483609136174,1.1288652400327972,5.511811023587194,77.77855431162489,0.002657771989733604,-33.333333333333336,
2025-05-08 07:28:46.985852,1.128745,1.128745,1.128745,1.128745,1,1.12868,1.12881,0.0,0.0,1.128753,1.1287647256246744,1.1287850000000001,1.1287736449555732,1.1287839999999991,1.12877264787857,,,,,7.535244492817839e-06,1.7133299225622938e-05,-9.598054732805099e-06,48.09750417515624,31.481481481550034,22.83950617289895,3.1422773872947805e-05,1.1288538283995029,1.1287839999999991,1.1287141716004954,100.0,0.0,0.0,0.0,0.0,0.0,0.0,0.0,0.0,0.0,0.0,0.0,0.0,0.0,0.0,0.0,0.0,0.0,11.450904351735021,47.99144933099173,52.00855066900824,1.1288618352321413,-97.82359679205138,66.66768382264277,-0.00531535561942853,-88.88888888880665,
2025-05-08 07:28:47.137906,1.128745,1.128745,1.128745,1.128745,1,1.12868,1.12881,0.0,0.0,1.128755,1.1287581504164497,1.128778,1.1287684367818327,1.1287839999999991,1.1287700147472777,,,,,4.534887009688404e-06,1.4613616782436032e-05,-1.0078729772747627e-05,48.097504175156224,27.777777777818915,29.629629629684505,2.9178290024880103e-05,1.1288538283995029,1.1287839999999991,1.1287141716004954,100.0,0.0,0.0,0.0,0.0,0.0,0.0,0.0,0.0,0.0,0.0,0.0,0.0,0.0,0.0,0.0,0.0,0.0,10.919918422183699,47.99144933099172,52.00855066900824,1.1288584985274985,-81.22362869212913,66.66768382264277,-0.006201193286747841,-88.88888888880665,
2025-05-08 07:28:49.587013,1.128795,1.128795,1.128795,1.128795,1,1.12879,1.1288,0.0,0.0,1.128765,1.1287704336109665,1.1287760000000002,1.1287732664578631,1.1287864999999992,1.128772394295156,,,,,6.121103944378703e-06,1.2915114214824567e-05,-6.794010270445864e-06,54.14226861451713,38.88888888893003,32.71604938276636,3.066555502309463e-05,1.128854109207271,1.1287864999999992,1.1287188907927275,100.0,0.0,0.0,0.0,0.0,0.0,0.0,0.0,0.0,0.0,0.0,0.0,0.0,0.0,0.0,0.0,0.0,0.0,10.722654290648652,54.07911029034651,45.92088970965346,1.1288552285569486,26.0964912282193,66.66761820154986,-0.0017717695104946252,-33.333333333333336,
2025-05-08 07:28:52.344431,1.128815,1.128815,1.128815,1.128815,1,1.12881,1.12882,0.0,0.0,1.1287789999999998,1.1287852890739776,1.1287760000000002,1.1287808543746152,1.1287899999999993,1.1287764519813315,,,,,8.889551925239658e-06,1.2110001756907585e-05,-3.2204498316679267e-06,56.33300019119817,66.66666666666669,44.44444444447191,2.9903729664295654e-05,1.1288558787060567,1.1287899999999993,1.1287241212939418,100.0,0.0,0.0,0.0,0.0,0.0,0.0,0.0,0.0,0.0,0.0,0.0,0.0,0.0,0.0,0.0,0.0,0.0,10.854377662464355,56.28339074803422,43.71660925196574,1.1288520239858097,61.40350877210564,77.77868555946283,0.0,-11.111111111193349,
2025-05-08 07:28:52.354074,1.128815,1.128815,1.128815,1.128815,1,1.12881,1.12882,0.0,0.0,1.1287829999999996,1.128795192715985,1.1287760000000002,1.1287870626701397,1.1287884999999993,1.1287801232212047,,,,,1.0957258441024464e-05,1.187945309373096e-05,-9.221946527064957e-07,56.33300019119817,100.00000000000001,68.51851851853228,2.7767748973988824e-05,1.1288505564578435,1.1287884999999993,1.1287264435421551,100.0,0.0,0.0,0.0,0.0,0.0,0.0,0.0,0.0,0.0,0.0,0.0,0.0,0.0,0.0,0.0,0.0,0.0,10.976692222007506,56.28339074803422,43.71660925196574,1.1288488835060935,58.89967637548886,75.00096896327572,0.0,-11.111111111193349,
2025-05-08 07:28:52.541126,1.128805,1.128805,1.128805,1.128805,1,1.1288,1.12881,0.0,0.0,1.1287949999999995,1.1287984618106566,1.1287740000000004,1.1287903240028416,1.1287909999999992,1.1287824924382328,,,,,1.1654666583593709e-05,1.183449579170351e-05,-1.7982920810980049e-07,54.81451163847076,95.23809523815567,87.30158730160748,2.6498624047264157e-05,1.1288514648947725,1.1287909999999992,1.128730535105226,100.0,0.0,0.0,0.0,0.0,0.0,0.0,0.0,0.0,0.0,0.0,0.0,0.0,0.0,0.0,0.0,0.0,0.0,10.872521808431582,54.759153215972276,45.24084678402769,1.1288458058359716,39.91228070225043,62.500692117391964,-0.0017717538147943301,-22.222222222139983,
2025-05-08 07:28:52.668360,1.128785,1.128785,1.128785,1.128785,1,1.12873,1.12884,0.0,0.0,1.1288029999999993,1.1287939745404376,1.1287790000000002,1.128789356002325,1.1287899999999993,1.1287827312536391,1.1287543000000002,1.1287543000000002,,,1.0472810666017907e-05,1.1562158766566389e-05,-1.089348100548482e-06,51.80670907468375,61.90476190482233,85.71428571432604,2.603443661532608e-05,1.1288501664604573,1.1287899999999993,1.1287298335395413,100.0,0.0,0.0,0.0,0.0,0.0,0.0,0.0,0.0,0.0,0.0,0.0,0.0,0.0,0.0,0.0,0.0,0.0,10.344645580322688,51.7411273074535,48.25887269254645,1.1288427897192521,1.6147635521367742,55.556157099412395,0.00442973771521693,-44.44444444452668,
2025-05-08 07:28:52.827772,1.128785,1.128785,1.128785,1.128785,1,1.12873,1.12884,0.0,0.0,1.1288009999999993,1.1287909830269585,1.1287830000000003,1.1287885640019022,1.1287889999999994,1.128782947324721,1.1287575000000003,1.1287555039215689,,,9.427506905357319e-06,1.1135228394324575e-05,-1.7077214889672563e-06,51.806709074683745,28.571428571488998,61.90476190482238,2.4174833999945645e-05,1.1288487996799061,1.1287889999999994,1.1287292003200926,100.0,0.0,0.0,0.0,0.0,0.0,0.0,0.0,0.0,0.0,0.0,0.0,0.0,0.0,0.0,0.0,0.0,0.0,9.854474797078714,51.74112730745352,48.25887269254645,1.128839833924867,6.8126520677400615,55.556157099412395,0.0035437587763142986,-44.44444444452668,
2025-05-08 07:28:55.345421,1.12883,1.12883,1.12883,1.12883,1,1.12879,1.12887,0.0,0.0,1.1288039999999993,1.128803988684639,1.1287915000000004,1.1287960978197382,1.1287897499999995,1.1287874285318904,1.1287616000000003,1.1287584253364094,,,1.2090844335954642e-05,1.132635158265059e-05,7.64492753304053e-07,57.84306317140271,33.33333333333334,41.2698412698816,2.5662345857097582e-05,1.128851189003721,1.1287897499999995,1.128728310996278,100.0,0.0,0.0,0.0,0.0,0.0,0.0,0.0,0.0,0.0,0.0,0.0,0.0,0.0,0.0,0.0,0.0,0.0,10.266157757343553,57.809018120393205,42.190981879606746,1.1288369372463698,108.58496151579732,60.00070872507004,0.00753048739972062,-0.0,
2025-05-08 07:28:58.101955,1.128795,1.128795,1.128795,1.128795,1,1.12879,1.1288,0.0,0.0,1.1287999999999994,1.128800992456426,1.1287915000000004,1.1287958982161495,1.1287912499999995,1.1287881496240912,1.1287650000000002,1.1287598596369424,,,1.124769452420793e-05,1.1310620170962058e-05,-6.29256467541286e-08,52.350796314687656,40.740740740777305,34.215167548533266,2.63293211530197e-05,1.1288516548965157,1.1287912499999995,1.1287308451034832,100.0,0.0,0.0,0.0,0.0,0.0,0.0,0.0,0.0,0.0,0.0,0.0,0.0,0.0,0.0,0.0,0.0,0.0,9.861549765890539,52.30082293850066,47.69917706149931,1.1288340985014425,34.14634146277735,50.000509397497915,0.0,-36.842105263182496,
2025-05-08 07:28:58.123892,1.128795,1.128795,1.128795,1.128795,1,1.12879,1.1288,0.0,0.0,1.1287979999999993,1.1287989949709507,1.1287965000000004,1.1287957349041222,1.1287907499999994,1.1287888020408445,1.1287680000000002,1.1287612376903957,,,1.0458928209722274e-05,1.1140281778714101e-05,-6.813535689918274e-07,52.350796314687656,48.14814814822126,40.74074074077735,2.4448655356375437e-05,1.1288508561716912,1.1287907499999994,1.1287306438283076,100.0,0.0,0.0,0.0,0.0,0.0,0.0,0.0,0.0,0.0,0.0,0.0,0.0,0.0,0.0,0.0,0.0,0.0,9.485842345255596,52.30082293850066,47.69917706149932,1.1288313165314137,27.753303963979285,55.55585085701404,0.004429698470409527,-41.17647058829676,
2025-05-08 07:28:58.261260,1.128795,1.128795,1.128795,1.128795,1,1.12879,1.1288,0.0,0.0,1.1287999999999996,1.1287976633139671,1.1288015000000002,1.128795601285191,1.1287897499999995,1.1287893923226688,1.1287704,1.128762561702537,,,9.721758838621142e-06,1.085657719069551e-05,-1.134818352074368e-06,52.350796314687656,22.22222222233189,37.0370370371102,2.2702322830920048e-05,1.1288488664203506,1.1287897499999995,1.1287306335796483,100.0,0.0,0.0,0.0,0.0,0.0,0.0,0.0,0.0,0.0,0.0,0.0,0.0,0.0,0.0,0.0,0.0,0.0,9.136971168951721,52.30082293850066,47.69917706149932,1.1288285902007853,20.28985507188304,50.00058137184929,0.004429698470409527,-41.17647058829676,
2025-05-08 07:28:58.350554,1.128795,1.128795,1.128795,1.128795,1,1.12879,1.1288,0.0,0.0,1.1288019999999996,1.1287967755426447,1.1288015000000002,1.1287954919606107,1.1287887499999996,1.1287899263871766,1.1287712,1.1287638337926336,,,9.033415213410834e-06,1.0491944795238574e-05,-1.4585295818277402e-06,52.35079631468766,14.81481481488793,28.39506172848041,2.108072834299719e-05,1.1288467909467526,1.1287887499999996,1.1287307090532466,100.0,0.0,0.0,0.0,0.0,0.0,0.0,0.0,0.0,0.0,0.0,0.0,0.0,0.0,0.0,0.0,0.0,0.0,8.813019362383837,52.30082293850066,47.69917706149932,1.1288259183967695,10.60606060569665,50.00058137184929,0.0,-41.17647058829676,
2025-05-08 07:28:58.502012,1.128795,1.128795,1.128795,1.128795,1,1.12879,1.1288,0.0,0.0,1.1287949999999998,1.1287961836950964,1.1287995000000004,1.128795402513227,1.1287877499999994,1.1287904095883978,1.128772,1.128765055996844,,,8.39116974971077e-06,1.0071789786133014e-05,-1.6806200364222441e-06,52.35079631468766,7.40740740744397,14.81481481488798,1.9574962032783103e-05,1.128844624888219,1.1287877499999994,1.12873087511178,100.0,0.0,0.0,0.0,0.0,0.0,0.0,0.0,0.0,0.0,0.0,0.0,0.0,0.0,0.0,0.0,0.0,0.0,8.512206970570803,52.30082293850066,47.69917706149931,1.1288233000288341,10.60606060569665,42.85781180195833,-0.0017717695104946252,-41.17647058829676,
2025-05-08 07:29:01.106688,1.128885,1.128885,1.128885,1.128885,1,1.12882,1.12895,0.0,0.0,1.1288129999999996,1.1288257891300642,1.1288065000000005,1.1288116929653675,1.1287912499999995,1.1287994181990266,1.1287746,1.1287697596832424,,,1.497184729526424e-05,1.105180128795926e-05,3.9200460073049804e-06,64.79998559190466,33.33333333333334,18.51851851855513,2.4605321887578843e-05,1.1288614550747251,1.1287912499999995,1.1287210449252738,100.0,0.0,0.0,0.0,0.0,0.0,0.0,0.0,0.0,0.0,0.0,0.0,0.0,0.0,0.0,0.0,0.0,0.0,10.017788799332024,64.79517628661394,35.20482371338605,1.128695,279.9999999987189,57.143643591070784,0.006201193286758944,-0.0,
2025-05-08 07:29:03.830624,1.128905,1.128905,1.128905,1.128905,1,1.12883,1.12898,0.0,0.0,1.1288349999999994,1.1288521927533761,1.1288165000000006,1.1288286578807554,1.1287952499999996,1.1288094736086431,1.1287776,1.1287750632250761,,,2.1552471044072874e-05,1.3151935239181983e-05,8.40053580489089e-06,66.87137164334129,66.66666666666667,35.80246913581471,2.4276370324189712e-05,1.1288802485380092,1.1287952499999996,1.12871025146199,100.0,0.0,0.0,0.0,0.0,0.0,0.0,0.0,0.0,0.0,0.0,0.0,0.0,0.0,0.0,0.0,0.0,0.0,11.712499304122161,66.87186793319695,33.12813206680302,1.1286988,235.64356435593504,62.50105889798202,0.008858926032395686,-0.0,
2025-05-08 07:29:03.888877,1.128905,1.128905,1.128905,1.128905,1,1.12883,1.12898,0.0,0.0,1.1288569999999993,1.1288697951689175,1.1288285000000005,1.1288425382660725,1.1288037499999997,1.128818571360201,1.1287826,1.1287801587848771,,,2.6462618185840725e-05,1.5814071828513733e-05,1.0648546357326992e-05,66.87137164334129,100.0,66.66666666666673,2.2542343872461876e-05,1.1288965872287724,1.1288037499999997,1.128710912771227,100.0,0.0,0.0,0.0,0.0,0.0,0.0,0.0,0.0,0.0,0.0,0.0,0.0,0.0,0.0,0.0,0.0,0.0,13.286159058570146,66.87186793319695,33.12813206680302,1.128707048,163.26326326326753,57.14424018770357,0.010630899595587273,-0.0,
2025-05-08 07:29:03.947067,1.128905,1.128905,1.128905,1.128905,1,1.12883,1.12898,0.0,0.0,1.128878999999999,1.1288815301126116,1.1288405000000004,1.1288538949449685,1.1288117499999997,1.1288268026592294,1.1287862000000002,1.1287850545188036,,,3.0008031266293145e-05,1.8652863716069617e-05,1.1355167550223528e-05,66.87137164334129,100.0,88.88888888888896,2.0932176453000312e-05,1.1289103540135732,1.1288117499999997,1.1287131459864261,100.0,0.0,0.0,0.0,0.0,0.0,0.0,0.0,0.0,0.0,0.0,0.0,0.0,0.0,0.0,0.0,0.0,0.0,14.747414544843272,66.87186793319697,33.128132066803026,1.12871496608,124.02142562796143,50.001734828189235,0.010630899595587273,-0.0,
2025-05-08 07:29:04.031309,1.128905,1.128905,1.128905,1.128905,1,1.12883,1.12898,0.0,0.0,1.128900999999999,1.1288893534084077,1.128848,1.128863186773156,1.1288197499999997,1.128834250025017,1.1287898,1.1287897582631643,,,3.24438046908071e-05,2.1411051911017113e-05,1.1032752779789986e-05,66.87137164334129,100.0,100.00000000000006,1.943702099207172e-05,1.1289213115661525,1.1288197499999997,1.1287181884338469,100.0,0.0,0.0,0.0,0.0,0.0,0.0,0.0,0.0,0.0,0.0,0.0,0.0,0.0,0.0,0.0,0.0,0.0,16.10429463923975,66.87186793319697,33.12813206680302,1.1287225674368,98.95945461050509,50.001734828189235,0.006644047376491713,-0.0,
2025-05-08 07:29:04.223663,1.128905,1.128905,1.128905,1.128905,1,1.12883,1.12898,0.0,0.0,1.128904999999999,1.1288945689389385,1.128859,1.1288707891780367,1.1288252499999998,1.1288409881178725,1.1287934000000002,1.1287942775469617,,,3.3982444215041596e-05,2.392533037182201e-05,1.0057113843219586e-05,66.8713716433413,66.66666666666667,88.88888888888896,1.804866234978088e-05,1.1289326033927332,1.1288252499999998,1.1287178966072664,100.0,0.0,0.0,0.0,0.0,0.0,0.0,0.0,0.0,0.0,0.0,0.0,0.0,0.0,0.0,0.0,0.0,0.0,17.36425472689362,66.87186793319697,33.128132066803026,1.128729864739328,82.10735586464371,60.001771730271756,0.00974490496503666,-0.0,
2025-05-08 07:29:06.857100,1.128835,1.128835,1.128835,1.128835,1,1.12883,1.12884,0.0,0.0,1.128890999999999,1.128874712625959,1.1288630000000002,1.1288642820547574,1.1288297499999997,1.1288404178209321,1.1287956000000001,1.1287958745059044,,,2.9216621116212593e-05,2.4983588520700128e-05,4.233032595512466e-06,51.50533447933876,33.333333333333336,66.66666666666673,2.1759472181940428e-05,1.1289306199698603,1.1288297499999997,1.1287288800301392,100.0,0.0,0.0,0.0,0.0,0.0,0.0,0.0,0.0,0.0,0.0,0.0,0.0,0.0,0.0,0.0,0.0,0.0,16.334956413366953,51.47703916876013,48.52296083123986,1.1287368701497549,-14.30584918954856,60.00124020020372,0.0035436018054779694,-58.33333333328707,
2025-05-08 07:29:09.505917,1.128895,1.128895,1.128895,1.128895,1,1.12884,1.12895,0.0,0.0,1.1288889999999991,1.1288814750839726,1.128873,1.1288698671357107,1.1288372499999997,1.1288456161237006,1.1287945000000001,1.1287997617801826,,,2.9936085969017867e-05,2.5974088010363675e-05,3.961997958654192e-06,59.99150503533684,28.57142857139836,42.85714285713286,2.4490938454655326e-05,1.1289340216422956,1.1288372499999997,1.1287404783577037,100.0,0.0,0.0,0.0,0.0,0.0,0.0,0.0,0.0,0.0,0.0,0.0,0.0,0.0,0.0,0.0,0.0,0.0,16.5940639070469,59.98123066244309,40.018769337556904,1.1287435953437648,58.64661654116894,66.6679216228207,0.008859004513661617,-9.090909090964145,
2025-05-08 07:29:09.628303,1.128895,1.128895,1.128895,1.128895,1,1.12884,1.12895,0.0,0.0,1.1288869999999993,1.128885983389315,1.128883,1.1288744367473997,1.1288422499999997,1.1288503193500148,1.1287985,1.1288034966123324,,,3.015861728150604e-05,2.681099386459215e-05,3.3476234169138903e-06,59.991505035336836,57.14285714279672,39.68253968250954,2.2741585707894228e-05,1.1289401006554396,1.1288422499999997,1.1287443993445598,100.0,0.0,0.0,0.0,0.0,0.0,0.0,0.0,0.0,0.0,0.0,0.0,0.0,0.0,0.0,0.0,0.0,0.0,16.834663722606848,59.98123066244309,40.018769337556904,1.1287500515300142,51.41242937850633,60.00170082640673,0.008859004513661617,-9.090909090964145,
2025-05-08 07:29:09.673984,1.128845,1.128845,1.128845,1.128845,1,1.12884,1.12885,0.0,0.0,1.1288749999999994,1.1288723222595434,1.1288880000000001,1.1288690846115088,1.1288437499999997,1.1288498127452515,1.1288008999999999,1.1288051241961625,,,2.6000673241100003e-05,2.664892973989372e-05,-6.482564987937162e-07,51.3131983534652,61.90476190473169,49.20634920630899,2.4688615300179173e-05,1.1289408002504495,1.1288437499999997,1.1287466997495499,100.0,0.0,0.0,0.0,0.0,0.0,0.0,0.0,0.0,0.0,0.0,0.0,0.0,0.0,0.0,0.0,0.0,0.0,15.816900521493746,51.29298945351171,48.70701054648829,1.1287562494688137,-24.845679012019204,60.001169307796346,0.0044295022568308084,-54.54545454538115,
2025-05-08 07:29:09.706668,1.128845,1.128845,1.128845,1.128845,1,1.12884,1.12885,0.0,0.0,1.1288629999999995,1.1288632148396955,1.128884,1.1288647055912344,1.12884525,1.128849354388561,1.1288033,1.1288066879531757,,,2.2446720807867138e-05,2.5808487953488404e-05,-3.361767145621266e-06,51.3131983534652,38.888888888930005,52.645502645486204,2.2925142778737806e-05,1.1289413996222277,1.12884525,1.128749100377772,100.0,0.0,0.0,0.0,0.0,0.0,0.0,0.0,0.0,0.0,0.0,0.0,0.0,0.0,0.0,0.0,0.0,0.0,14.871834691888722,51.29298945351171,48.70701054648829,1.1287621994900612,-33.33333333318795,60.001169307796346,-0.003543319292909075,-54.54545454538115,
2025-05-08 07:29:09.911547,1.128845,1.128845,1.128845,1.128845,1,1.12884,1.12885,0.0,0.0,1.1288649999999993,1.1288571432264638,1.128878,1.1288611227564644,1.1288472499999997,1.1288489396848884,1.1288056999999998,1.1288081903863845,,,1.94064820544515e-05,2.4528086773681024e-05,-5.121604719229522e-06,51.3131983534652,10.317460317531646,37.037037037064515,2.1287632580256533e-05,1.128941614986698,1.1288472499999997,1.1287528850133015,100.0,0.0,0.0,0.0,0.0,0.0,0.0,0.0,0.0,0.0,0.0,0.0,0.0,0.0,0.0,0.0,0.0,0.0,13.994273564398343,51.29298945351171,48.70701054648829,1.1287679115104587,-43.74999999963939,60.001169307796346,-0.005314884777718465,-54.54545454538115,
2025-05-08 07:29:12.587674,1.128835,1.128835,1.128835,1.128835,1,1.12883,1.12884,0.0,0.0,1.1288529999999994,1.1288497621509759,1.1288710000000002,1.12885637316438,1.1288497499999997,1.1288476120958515,1.1288070999999997,1.1288092417437812,,,1.6005651326977954e-05,2.282359968434041e-05,-6.817948357362454e-06,49.52365600485677,5.555555555596674,18.253968254019508,2.0481373110242886e-05,1.128939942857472,1.1288497499999997,1.1287595571425273,100.0,0.0,0.0,0.0,0.0,0.0,0.0,0.0,0.0,0.0,0.0,0.0,0.0,0.0,0.0,0.0,0.0,0.0,13.065842658155717,49.501879561499216,50.498120438500784,1.1287733950500405,-74.37499999986328,50.00125494596349,-0.006200698907354862,-63.63636363634529,
2025-05-08 07:29:15.192597,1.128835,1.128835,1.128835,1.128835,1,1.12883,1.12884,0.0,0.0,1.1288409999999995,1.128844841433984,1.1288640000000003,1.1288524871344927,1.1288522499999996,1.1288464109438656,1.1288090999999998,1.128810251871476,,,1.315878222341027e-05,2.0890636192154382e-05,-7.731853968744112e-06,49.52365600485676,-1.1842378929335002e-15,5.291005291042838,1.9018417888082682e-05,1.1289377763255337,1.1288522499999996,1.1287667236744654,100.0,0.0,0.0,0.0,0.0,0.0,0.0,0.0,0.0,0.0,0.0,0.0,0.0,0.0,0.0,0.0,0.0,0.0,12.203728245216135,49.501879561499216,50.498120438500784,1.1287786592480389,-89.12037037036863,50.00125494596349,-0.006200698907354862,-100.0,
2025-05-08 07:29:15.342530,1.128835,1.128835,1.128835,1.128835,1,1.12883,1.12884,0.0,0.0,1.1288389999999997,1.1288415609559894,1.1288570000000004,1.128849307655494,1.1288524999999994,1.128845324187307,1.1288109,1.12881122238632,,,1.0778371589692526e-05,1.886818327166201e-05,-8.089811681969484e-06,49.52365600485677,-1.1842378929335002e-15,1.8518518518656224,1.7659959467505346e-05,1.1289377936322973,1.1288524999999994,1.1287672063677014,100.0,0.0,0.0,0.0,0.0,0.0,0.0,0.0,0.0,0.0,0.0,0.0,0.0,0.0,0.0,0.0,0.0,0.0,11.403193433200808,49.50187956149922,50.498120438500784,1.1287837128781173,-75.75757575777456,40.00131105368852,-0.006200698907354862,-100.0,
2025-05-08 07:29:15.386107,1.128835,1.128835,1.128835,1.128835,1,1.12883,1.12884,0.0,0.0,1.1288369999999996,1.1288393739706597,1.1288500000000004,1.128846706263586,1.1288544999999994,1.128844340931373,1.1288136999999998,1.1288121548417585,,,8.790547058046272e-06,1.6852656028938862e-05,-8.06210897089259e-06,49.52365600485676,-1.1842378929335002e-15,6.414621920056459e-14,1.6398533791254963e-05,1.1289361027097493,1.1288544999999994,1.1287728972902495,100.0,0.0,0.0,0.0,0.0,0.0,0.0,0.0,0.0,0.0,0.0,0.0,0.0,0.0,0.0,0.0,0.0,0.0,10.659839679186575,49.50187956149922,50.49812043850077,1.1287885643629927,-66.44591611490641,25.000941221284428,-0.006200698907354862,-100.0,
2025-05-08 07:29:15.447066,1.128835,1.128835,1.128835,1.128835,1,1.12883,1.12884,0.0,0.0,1.1288349999999998,1.1288379159804398,1.1288500000000004,1.128844577852025,1.1288564999999993,1.1288434513188614,1.1288155,1.128813050730317,,,7.132957501321258e-06,1.4908716323415342e-05,-7.775758822094084e-06,49.52365600485676,-1.1842378929335002e-15,6.414621920056459e-14,1.5227209949022465e-05,1.1289340306600681,1.1288564999999993,1.1287789693399304,100.0,0.0,0.0,0.0,0.0,0.0,0.0,0.0,0.0,0.0,0.0,0.0,0.0,0.0,0.0,0.0,0.0,0.0,9.969582621887644,49.50187956149922,50.498120438500784,1.128793221788473,-59.574468085161115,25.000941221284428,0.0,-100.0,
2025-05-08 07:29:15.620424,1.128835,1.128835,1.128835,1.128835,1,1.12883,1.12884,0.0,0.0,1.1288349999999998,1.1288369439869599,1.1288440000000004,1.128842836424384,1.1288584999999993,1.1288426464313508,1.1288173,1.1288139114859908,,,5.75298895966192e-06,1.3077570850664658e-05,-7.324581891002738e-06,49.52365600485676,-1.1842378929335002e-15,6.414621920056459e-14,1.413955209552086e-05,1.1289315137131377,1.1288584999999993,1.128785486286861,100.0,0.0,0.0,0.0,0.0,0.0,0.0,0.0,0.0,0.0,0.0,0.0,0.0,0.0,0.0,0.0,0.0,0.0,9.328629640110066,49.50187956149922,50.498120438500784,1.128797692916934,-54.56989247312064,25.000941221284428,-0.005314931858135807,-100.0,
2025-05-08 07:29:18.340242,1.128835,1.128835,1.128835,1.128835,1,1.12883,1.12884,0.0,0.0,1.1288349999999998,1.1288362959913065,1.1288380000000005,1.1288414116199506,1.1288604999999992,1.1288419181997935,1.1288190999999999,1.1288147384865401,,,4.606255897598999e-06,1.1383307860051526e-05,-6.777051962452527e-06,49.52365600485676,-1.1842378929335002e-15,6.414621920056459e-14,1.3129584088697943e-05,1.1289284632536445,1.1288604999999992,1.1287925367463538,100.0,0.0,0.0,0.0,0.0,0.0,0.0,0.0,0.0,0.0,0.0,0.0,0.0,0.0,0.0,0.0,0.0,0.0,8.733459014173743,49.50187956149923,50.498120438500784,1.1288019852002567,-51.33333333368875,25.000941221284428,-0.005314931858135807,-100.0,
2025-05-08 07:29:20.912773,1.128845,1.128845,1.128845,1.128845,1,1.12884,1.12885,0.0,0.0,1.1288369999999996,1.1288391973275378,1.1288380000000005,1.1288420640526868,1.128862999999999,1.128842211704575,1.1288211,1.1288159252125582,,,4.4530461664749055e-06,9.997255521336203e-06,-5.544209354861297e-06,52.31727238988484,33.333333333333336,11.111111111111176,1.290604236808134e-05,1.1289245142603057,1.128862999999999,1.1288014857396924,100.0,0.0,0.0,0.0,0.0,0.0,0.0,0.0,0.0,0.0,0.0,0.0,0.0,0.0,0.0,0.0,0.0,0.0,8.438219749166008,52.300054652032735,47.69994534796728,1.1288061057922465,-6.862745098635306,40.00067325094277,0.0,-83.33333333320998,
2025-05-08 07:29:21.027946,1.128845,1.128845,1.128845,1.128845,1,1.12884,1.12885,0.0,0.0,1.1288389999999997,1.128841131551692,1.1288380000000005,1.1288425978612893,1.1288609999999992,1.1288424772565204,1.1288211,1.1288170654003011,,,4.282263087462823e-06,8.854257034561526e-06,-4.571993947098703e-06,52.31727238988483,66.66666666666667,33.3333333333334,1.1984182198932673e-05,1.1289221228558435,1.1288609999999992,1.128799877144155,100.0,0.0,0.0,0.0,0.0,0.0,0.0,0.0,0.0,0.0,0.0,0.0,0.0,0.0,0.0,0.0,0.0,0.0,8.164069003087397,52.300054652032735,47.69994534796728,1.1288100615605567,-10.447761193940982,50.00066439002351,0.0,-83.33333333320998,
2025-05-08 07:29:21.072935,1.128845,1.128845,1.128845,1.128845,1,1.12884,1.12885,0.0,0.0,1.1288409999999995,1.1288424210344614,1.1288380000000005,1.128843034613782,1.1288579999999993,1.1288427175178042,1.1288228999999999,1.1288181608747991,,,4.0996579617758044e-06,7.903337220004381e-06,-3.8036792582285765e-06,52.31727238988483,100.0,66.66666666666673,1.1128169184723195e-05,1.1289160000284315,1.1288579999999993,1.128799999971567,100.0,0.0,0.0,0.0,0.0,0.0,0.0,0.0,0.0,0.0,0.0,0.0,0.0,0.0,0.0,0.0,0.0,0.0,7.909500453157258,52.300054652032735,47.69994534796727,1.1288138590981345,11.111111110412082,33.33343176264753,0.0,-83.33333333320998,
2025-05-08 07:29:21.148433,1.128845,1.128845,1.128845,1.128845,1,1.12884,1.12885,0.0,0.0,1.1288429999999994,1.128843280689641,1.1288390000000006,1.128843391956731,1.1288549999999993,1.128842934897061,1.1288236999999999,1.128819213389513,,,3.909871518992247e-06,7.104644079801954e-06,-3.1947725608097066e-06,52.31727238988483,100.0,88.88888888888896,1.0333299957242966e-05,1.128909037051234,1.1288549999999993,1.1288009629487645,100.0,0.0,0.0,0.0,0.0,0.0,0.0,0.0,0.0,0.0,0.0,0.0,0.0,0.0,0.0,0.0,0.0,0.0,7.673115371079271,52.300054652032735,47.69994534796728,1.128817504734209,66.66666666666667,33.33343176264753,0.0008858690597079999,-0.0,
2025-05-08 07:29:21.365135,1.128845,1.128845,1.128845,1.128845,1,1.12884,1.12885,0.0,0.0,1.1288449999999994,1.128843853793094,1.1288400000000005,1.1288436843282343,1.1288519999999995,1.1288431315735314,1.1288244999999997,1.12882022462914,,,3.716621496563377e-06,6.427039563154239e-06,-2.710418066590862e-06,52.31727238988483,66.66666666666667,88.88888888888896,9.595207103154183e-06,1.1289010306083394,1.1288519999999995,1.1288029693916597,100.0,0.0,0.0,0.0,0.0,0.0,0.0,0.0,0.0,0.0,0.0,0.0,0.0,0.0,0.0,0.0,0.0,0.0,7.453614937721142,52.30005465203272,47.69994534796727,1.1288210045448408,66.66666666666667,50.000221466283946,0.0008858690597079999,-0.0,
2025-05-08 07:29:24.060648,1.128865,1.128865,1.128865,1.128865,1,1.12886,1.12887,0.0,0.0,1.1288489999999993,1.1288509025287294,1.1288430000000003,1.128847559904919,1.1288499999999995,1.128845214280814,1.1288254999999996,1.1288219805260364,,,5.118301718454177e-06,6.165291994214226e-06,-1.0469902757600493e-06,58.90611968165827,66.66666666666667,77.77777777777784,1.0338406595779526e-05,1.1288931277293863,1.1288499999999995,1.1288068722706126,100.0,0.0,0.0,0.0,0.0,0.0,0.0,0.0,0.0,0.0,0.0,0.0,0.0,0.0,0.0,0.0,0.0,0.0,8.192370428377739,58.89809590345675,41.101904096543244,1.1288243643630471,244.44444444142906,66.66706038159835,0.0026576071790795908,-0.0,
2025-05-08 07:29:26.621056,1.128765,1.128765,1.128765,1.128765,1,1.12876,1.12877,0.0,0.0,1.1288329999999995,1.1288222683524862,1.1288360000000002,1.1288325490131155,1.1288429999999996,1.1288375748254984,1.1288254999999996,1.1288197459956035,,,-1.8190519732730337e-06,4.568423200716774e-06,-6.387475173989808e-06,33.77544597060262,33.333333333333336,55.55555555555563,1.674280612465163e-05,1.1288930399807577,1.1288429999999996,1.1287929600192415,100.0,0.0,0.0,0.0,0.0,0.0,0.0,0.0,0.0,0.0,0.0,0.0,0.0,0.0,0.0,0.0,0.0,0.0,9.927778855488453,33.75595579603613,66.24404420396387,1.128905,-435.84905660297954,50.00121807805,-0.006201083417856079,-100.0,
2025-05-08 07:29:26.739916,1.128795,1.128795,1.128795,1.128795,1,1.12873,1.12886,0.0,0.0,1.1288229999999995,1.1288131789016576,1.1288320000000003,1.1288257219198217,1.1288409999999998,1.1288335200802129,1.1288252999999997,1.1288187755644035,,,-4.840408262207774e-06,2.6866569081318644e-06,-7.527065170339638e-06,41.797592711624986,43.33333333332593,47.777777777775384,1.7689748544317547e-05,1.128895184859504,1.1288409999999998,1.1287868151404956,100.0,0.0,0.0,0.0,0.0,0.0,0.0,0.0,0.0,0.0,0.0,0.0,0.0,0.0,0.0,0.0,0.0,0.0,10.392274333650139,41.78464222512397,58.21535777487602,1.1289022,-167.1171171172297,75.00116272116617,-0.0035434762387764884,-70.00000000002221,
2025-05-08 07:29:26.744222,1.128795,1.128795,1.128795,1.128795,1,1.12873,1.12886,0.0,0.0,1.1288129999999996,1.1288071192677718,1.1288280000000002,1.1288201361162178,1.1288359999999997,1.128829851501145,1.1288248999999995,1.1288178431893288,,,-7.152406400035005e-06,7.188442464984903e-07,-7.871250646533496e-06,41.797592711624986,19.9999999999852,32.222222222214896,1.6426195076866294e-05,1.1288877300673315,1.1288359999999997,1.128784269932668,100.0,0.0,0.0,0.0,0.0,0.0,0.0,0.0,0.0,0.0,0.0,0.0,0.0,0.0,0.0,0.0,0.0,0.0,10.823591563371705,41.78464222512396,58.21535777487602,1.128899456,-120.98765432071758,75.00116272116617,-0.0035434762387764884,-70.00000000002221,
2025-05-08 07:29:26.824899,1.128795,1.128795,1.128795,1.128795,1,1.12873,1.12886,0.0,0.0,1.1288029999999996,1.1288030795118478,1.1288240000000003,1.128815565913269,1.1288309999999997,1.1288265323105597,1.1288244999999995,1.1288169473779825,,,-8.882292047651674e-06,-1.201383012331543e-06,-7.680909035320131e-06,41.79759271162499,29.9999999999778,31.11111111109638,1.52528954285187e-05,1.1288780744073574,1.1288309999999997,1.128783925592642,100.0,0.0,0.0,0.0,0.0,0.0,0.0,0.0,0.0,0.0,0.0,0.0,0.0,0.0,0.0,0.0,0.0,0.0,11.22410041954173,41.78464222512396,58.21535777487602,1.12889676688,-94.5945945941884,75.00116272116617,-0.0035434762387764884,-70.00000000002221,
2025-05-08 07:29:27.028472,1.128725,1.128725,1.128725,1.128725,1,1.12872,1.12873,0.0,0.0,1.1287749999999996,1.1287770530078984,1.1288120000000001,1.1287990993835837,1.1288249999999995,1.128816862566697,1.1288226999999993,1.1288133415984538,,,-1.5720438443223017e-05,-4.105194098509838e-06,-1.1615244344713179e-05,30.89201583305573,19.9999999999852,23.333333333316137,1.9163402897911258e-05,1.1288904217116411,1.1288249999999995,1.128759578288358,100.0,0.0,0.0,0.0,0.0,0.0,0.0,0.0,0.0,0.0,0.0,0.0,0.0,0.0,0.0,0.0,0.0,0.0,13.15405769250967,30.87824887945354,69.12175112054646,1.1288941315424001,-198.70967741946654,60.00191353819413,-0.010630334545502773,-100.0,
2025-05-08 07:29:30.229906,1.128745,1.128745,1.128745,1.128745,1,1.12874,1.12875,0.0,0.0,1.1287709999999997,1.1287663686719323,1.128802,1.128789263132023,1.1288199999999995,1.1288100185127259,1.1288212999999994,1.1288106615357694,,,-1.930336865707538e-05,-7.1448290102229464e-06,-1.2158539646852435e-05,36.027783964900664,19.523809523862543,23.17460317460859,1.92231598337841e-05,1.1288933484863175,1.1288199999999995,1.1287466515136815,100.0,0.0,0.0,0.0,0.0,0.0,0.0,0.0,0.0,0.0,0.0,0.0,0.0,0.0,0.0,0.0,0.0,0.0,14.212072155848716,36.01686991037185,63.98313008962815,1.1288873662807042,-123.14814814815934,66.66799552322988,-0.008858612121243059,-85.71428571419509,
2025-05-08 07:29:32.518656,1.128735,1.128735,1.128735,1.128735,1,1.12873,1.12874,0.0,0.0,1.1287589999999996,1.128755912447955,1.128791,1.128779397108019,1.1288144999999994,1.1288028738924663,1.1288194999999994,1.1288076944167196,,,-2.268824710194295e-05,-1.0253512628566947e-05,-1.2434734473376002e-05,34.64157255459559,14.285714285804916,17.936507936550957,1.85643627028042e-05,1.1288956110432902,1.1288144999999994,1.1287333889567086,100.0,0.0,0.0,0.0,0.0,0.0,0.0,0.0,0.0,0.0,0.0,0.0,0.0,0.0,0.0,0.0,0.0,0.0,15.392552174681722,34.63060379024461,65.3693962097554,1.128880871629476,-115.78947368390025,57.14439392645044,-0.009744473333372916,-92.85714285709754,0.00011343262122931463
2025-05-08 07:29:38.349328,1.128745,1.128745,1.128745,1.128745,1,1.12874,1.12875,0.0,0.0,1.1287489999999996,1.1287522749653034,1.1287810000000003,1.1287731430883792,1.1288099999999992,1.1287973620931837,1.1288196999999993,1.1288052358121423,,,-2.4283941073344195e-05,-1.3059598317522397e-05,-1.1224342755821799e-05,37.2420055001098,23.80952380967486,19.206349206447513,1.7952622509751436e-05,1.1288959069506106,1.1288099999999992,1.1287240930493878,100.0,0.0,0.0,0.0,0.0,0.0,0.0,0.0,0.0,0.0,0.0,0.0,0.0,0.0,0.0,0.0,0.0,0.0,16.117037232233834,37.23232850979435,62.76767149020564,1.128874636764297,-86.08414239455536,62.50119044718734,-0.008858612121243059,-85.71428571419509,0.00010100474649998858
2025-05-08 07:29:44.171711,1.128725,1.128725,1.128725,1.128725,1,1.12872,1.12873,0.0,0.0,1.1287349999999996,1.1287431833102022,1.1287690000000001,1.128764389799583,1.1288044999999993,1.1287904704652614,1.1288192999999993,1.1288020893097053,,,-2.6852830184109777e-05,-1.5818244690839873e-05,-1.1034585493269904e-05,34.30243615980464,14.28571428580492,17.460317460428307,1.8098863759064265e-05,1.1288971229090745,1.1288044999999993,1.1287118770909241,100.0,0.0,0.0,0.0,0.0,0.0,0.0,0.0,0.0,0.0,0.0,0.0,0.0,0.0,0.0,0.0,0.0,0.0,17.209729886462995,34.29263280427895,65.70736719572105,1.1288686512937252,-100.7824726135209,50.00110740744842,-0.010630334545502773,-100.0,8.777229356660143e-05
2025-05-08 07:29:49.870605,1.12873,1.12873,1.12873,1.12873,1,1.12869,1.12877,0.0,0.0,1.1287359999999995,1.1287387888734681,1.1287555,1.1287581371087496,1.1287992499999995,1.1287847113733318,1.1288189999999994,1.1287992622779521,,,-2.8160617035144497e-05,-1.82867191597008e-05,-9.873897875443698e-06,35.66951070180141,17.857142857203282,18.65079365089443,1.7163230633419157e-05,1.1288961662084762,1.1287992499999995,1.1287023337915227,100.0,0.0,0.0,0.0,0.0,0.0,0.0,0.0,0.0,0.0,0.0,0.0,0.0,0.0,0.0,0.0,0.0,0.0,18.028989626260266,35.660316878187594,64.33968312181239,1.128862905241976,-79.67479674797981,55.55639773477851,-0.011958914484899719,-96.42857142854878,7.413466467376395e-05
2025-05-08 07:29:55.574342,1.128675,1.128675,1.128675,1.128675,1,1.12867,1.12868,0.0,0.0,1.1287219999999996,1.1287175259156454,1.1287465,1.1287430212707952,1.1287912499999995,1.1287742626711097,1.1288165999999995,1.1287943892474441,,,-3.32517820378353e-05,-2.12797317353277e-05,-1.1972050302507599e-05,28.615688634325398,8.333333333333337,13.492063492113921,1.9865857016740378e-05,1.1289006517966014,1.1287912499999995,1.1286818482033976,100.0,0.0,0.0,0.0,0.0,0.0,0.0,0.0,0.0,0.0,0.0,0.0,0.0,0.0,0.0,0.0,0.0,0.0,19.79739964929472,28.60663502562869,71.39336497437128,1.128857389032297,-139.9999999998696,50.00112956760595,-0.007973315969211914,-100.0,5.899996751157488e-05
2025-05-08 07:30:01.245169,1.128685,1.128685,1.128685,1.128685,1,1.12868,1.12869,0.0,0.0,1.1287119999999997,1.1287066839437636,1.1287355000000001,1.1287324719488323,1.1287837499999998,1.1287657614643374,1.1288153999999992,1.1287900994730347,,,-3.6063928042340265e-05,-2.4236570996730214e-05,-1.1827357045610051e-05,31.276739040872766,13.095238095162573,13.095238095233137,1.9161152944104882e-05,1.1289004493988137,1.1287837499999998,1.1286670506011858,100.0,0.0,0.0,0.0,0.0,0.0,0.0,0.0,0.0,0.0,0.0,0.0,0.0,0.0,0.0,0.0,0.0,0.0,21.059209309539376,31.268632553640046,68.73136744635994,1.1288464456903593,-112.58741258727306,54.54624164095427,-0.00974490496503666,-94.73684210534311,4.304257801290845e-05
2025-05-08 07:30:06.977024,1.128735,1.128735,1.128735,1.128735,1,1.12873,1.12874,0.0,0.0,1.1287099999999994,1.1287161226291758,1.1287295000000002,1.1287329315944992,1.1287787499999997,1.1287628318010672,1.1288151999999991,1.1287879387093862,,,-3.386758741275031e-05,-2.6162774279934233e-05,-7.704813132816077e-06,42.76527339512231,38.09523809516258,19.84126984121957,2.1363927733819212e-05,1.1288948049501202,1.1287787499999997,1.1286626950498793,100.0,0.0,0.0,0.0,0.0,0.0,0.0,0.0,0.0,0.0,0.0,0.0,0.0,0.0,0.0,0.0,0.0,0.0,20.589163799787606,42.760713913492694,57.23928608650729,1.1288361589489377,-28.885832186868413,58.33402547448583,-0.00531540270819475,-68.42105263159125,2.7780281008915608e-05
2025-05-08 07:30:12.670587,1.128745,1.128745,1.128745,1.128745,1,1.12874,1.12875,0.0,0.0,1.1287139999999996,1.1287257484194506,1.1287245000000001,1.1287351258500449,1.1287742499999998,1.1287611335342989,1.1288141999999994,1.12878625483843,,,-3.0963131507411035e-05,-2.7122845725429594e-05,-3.8402857819814404e-06,44.754447817163985,71.42857142849591,40.873015872940435,2.0552218609979663e-05,1.128888191871084,1.1287742499999998,1.1286603081289155,100.0,0.0,0.0,0.0,0.0,0.0,0.0,0.0,0.0,0.0,0.0,0.0,0.0,0.0,0.0,0.0,0.0,0.0,19.868450228825733,44.750413096839296,55.24958690316068,1.1288264894120015,6.222222222535388,58.33365633539944,-0.004429502256819706,-41.66666666660499,1.3499849371712003e-05
2025-05-08 07:30:18.385891,1.128815,1.128815,1.128815,1.128815,1,1.12881,1.12882,0.0,0.0,1.1287309999999995,1.1287554989463005,1.1287335000000003,1.128749648422764,1.1287727499999998,1.1287662636738893,1.1288141999999994,1.1287873820996681,,,-2.2750658857928485e-05,-2.6248408351929372e-05,3.4977494940008866e-06,56.22369846959761,100.0,69.84126984121957,2.4084202994966294e-05,1.128883676778136,1.1287727499999998,1.1286618232218635,100.0,0.0,0.0,0.0,0.0,0.0,0.0,0.0,0.0,0.0,0.0,0.0,0.0,0.0,0.0,0.0,0.0,0.0,19.338157334094227,56.222174851292316,43.77782514870768,1.1288174000472815,149.1169977929824,66.66734343040217,0.007973598529309456,-0.0,1.8555272873754802e-06
2025-05-08 07:30:24.139561,1.128805,1.128805,1.128805,1.128805,1,1.1288,1.12881,0.0,0.0,1.1287569999999993,1.1287719992975336,1.1287395000000002,1.1287597123458977,1.1287707499999997,1.1287699528478046,1.1288139999999993,1.1287880729977204,,,-1.6854839444579994e-05,-2.4369694570459497e-05,7.514855125879503e-06,54.48353655746722,97.43589743593685,89.62148962147766,2.307818849531466e-05,1.1288777675212736,1.1287707499999997,1.1286637324787259,100.0,0.0,0.0,0.0,0.0,0.0,0.0,0.0,0.0,0.0,0.0,0.0,0.0,0.0,0.0,0.0,0.0,0.0,18.59711953510743,54.481814074139535,45.51818592586044,1.128815,121.90170940215984,58.333545590893664,0.005315638164504755,-7.142857142755183,-7.729939988099233e-06
2025-05-08 07:30:29.848820,1.128785,1.128785,1.128785,1.128785,1,1.12878,1.12879,0.0,0.0,1.1287769999999993,1.1287763328650224,1.1287445000000003,1.128764310101189,1.1287677499999997,1.1287713859099184,1.1288135999999993,1.128787952488006,,,-1.3638971363638674e-05,-2.222354992909533e-05,8.584578565456657e-06,51.078490567922266,84.9358974359253,94.12393162395414,2.285831788851583e-05,1.1288695082917817,1.1287677499999997,1.1286659917082178,100.0,0.0,0.0,0.0,0.0,0.0,0.0,0.0,0.0,0.0,0.0,0.0,0.0,0.0,0.0,0.0,0.0,0.0,17.42252877187494,51.07642442492626,48.92357557507373,1.128815,84.21633554119158,53.84618005744992,0.00442973771521693,-21.428571428582757,-1.5989056134646518e-05
2025-05-08 07:30:35.513637,1.128795,1.128795,1.128795,1.128795,1,1.12879,1.1288,0.0,0.0,1.1287889999999994,1.1287825552433484,1.1287495,1.128769890082791,1.1287652499999998,1.1287736348708786,1.1288137999999992,1.1287882288610254,1.1287840499999995,1.1287840499999995,-1.0166265928424068e-05,-1.981209312896108e-05,9.645827200537011e-06,52.67120468641664,75.41208791213087,85.92796092799774,2.193986661076938e-05,1.1288616074022566,1.1287652499999998,1.128668892597743,100.0,0.0,0.0,0.0,0.0,0.0,0.0,0.0,0.0,0.0,0.0,0.0,0.0,0.0,0.0,0.0,0.0,0.0,16.55940672414216,52.66941005180799,47.330589948192,1.1288065999999999,105.84988962528197,57.14302438641615,0.004429698470409527,-14.28571428566897,-2.2821445777587712e-05
